,Heat Treatment Method,,,,,,Heat Treated Properties,,,,,,,,,Composition,,,,As Built Properties,,,,,,,,LPBF process  parameter,,,,,,,,,,,,,,,,,Mechanical Testing,,,,,
,solution temp,Sol time,ageing temp,ageing time,ageing temp,ageing time,UTS,YS,Elongation,strain hardening,hardness,modulus,Quality,Toughness,n,Si,Al,Mg,Fe,UTS,YS,Elongation,hardness,Modulus,Quality,Support Structure,BT,p/v,power,speed,Hatch ,thickness,Density,,,Direction,,Scanning,spot dia,exposure,pulsing,powder size,Powder mfg,Machine,Geometry,l/d,Strain rate,Estension rate,Density,machining  of sample
,Degrees,hrs,Degrees,hrs,Degrees,hrs,Mpa,Mpa,%,,HV,Gpa,,Mpa,,wt %,wt %,wt %,wt %,Mpa,Mpa,%,HV,Gpa,,,Degrees,,W,mm/s,mm,mm,J/mm3,,,,,,mm,micro sec,nano sec,micron,,,,,per sec,mm/min,%,
,300,2,,,,,330,243,6.2,,,,,,,10.08,,0.35,0.16,,,,,,,,,,195,800,0.17,0.03,,,,H,,,,,,,EOS,EOS M270,rectangular,,,2,99.2,
,300,2,,,,,329,231,4.1,,,,,,,,,,,,,,,,,,,,,,,,,,,V,,,0.1,,,,,,,,,,,
"Aboulkhair, 2016",520,1,160,6,,,292,239,4,,100,73,382.3089987,11.7,0.08,,,,,333,268,1.4,125,77,354.9192054,Y,,0.350877193,200,570,0.13,0.025,107.9622132,69.79574972,175.4385965,,,Checkboard/island,0.08,140,,,LPW technology,Renishaw AM 250,circular,45/9,0.00018,0.5,99.94,
,520,1,160,6,,,,,,,,,,,,,,,,,,,,,,,,,,,,,#DIV/0!,,,,,,,,,,,,,,,,,
"Girelli, 2019",540,1,180,2,,,332,277,5.8,,,,446.514199,,,10.25,,0.396,0.212,452,264,8.6,,,592.1747677,,80,0.284615385,370,1300,0.1,0.03,94.87179487,36.23365813,94.87179487,H,,,0.1,,,,EOS,EOS M 290,circular,l/6,,1 & 2 (*1),,Y
,540,1,180,2,,,300,248,5.1,,,,406.1355264,,,10.25,,0.396,0.212,482,247,6.5,,,603.9370035,,80,0.284615385,370,1300,0.1,0.03,94.87179487,36.23365813,94.87179487,V,,,0.1,,,,EOS,EOS M 290,circular,l/6,,2 & 2 (*1),,Y
"Han, 2019",550,2,0,0,,,160,110,22,,51,,361.3634021,,,,,,,400,240,6.5,125,,521.9370035,,,0.4,200,500,0.13,0.025,123.0769231,,,H,F,"chessboard, 67, bi",,,140,43,Renishaw,Renishaw AM 250,rectangular,20/5 (l/w),,1,,N
"Wei, 2016",450,2,0,0,,,282,230,13.4,,95,,451.0657198,31.05,0.23,,,,,434,222,5.3,130,,542.6413804,,100,0.307017544,350,1140,0.17,0.05,,,,,,,0.08,,,,TLS technique,SLM 250 HL,rectangular,,,1,,
,450,2,180,12,,,199,160,22.5,,78,,401.8273777,37.92,0.07,,,,,,,,,,,,100,#DIV/0!,,,,,#DIV/0!,,,,,,,,,,,,,,,,,
,500,2,0,0,,,213,130,23.5,,88,,418.6601793,34.8,0.23,,,,,,,,,,,,100,0.307017544,350,1140,0.17,0.05,36.11971104,,,,,"chessboard, 67, bi",,,,20 to 63,TLS Technik GmbH & Co Ltd,,rectangular,,,,,
,500,2,180,12,,,197,155,22.2,,60,,398.9529462,33.55,0.05,,,,,,,,,,,,100,0.307017544,350,1140,0.17,0.05,36.11971104,,,,,"chessboard, 67, bi",,,,20 to 63,,,rectangular,,,,,
,550,2,0,0,,,152,110,23.7,,62,,358.2122519,28.8,0.17,,,,,,,,,,,,100,0.307017544,350,1140,0.17,0.05,36.11971104,,,,,"chessboard, 67, bi",,,,20 to 63,,,rectangular,,,,,
,550,2,180,12,,,187,140,19.5,,50,,380.5051917,27.84,0.1,,,,,,,,,,,,100,0.307017544,350,1140,0.17,0.05,36.11971104,,,,,"chessboard, 67, bi",,,,20 to 63,,,rectangular,,,,,
"Rosenthal, 2016",300,2,0,0,,,319,207,7,,107,71,445.764706,,,,,,,407,243,3.9,125,75,495.6596911,,,0.35,350,1000,0.2,0.06,29.16666667,44.55760662,58.33333333,V,,"stripscanning, 67",0.1,,,25 to 50,,EOS M 280,circular,40/5,,,,Y
,540,2.5,0,0,,,158,99,17.3,,70,73,343.7069155,,,,,,,,,,,75,,,,0.35,350,1000,0.2,0.06,29.16666667,44.55760662,58.33333333,V,,"stripscanning, 67",0.1,,,26 to 50,,,circular,40/5,,,,Y
,100,2,0,0,,,,,,,124,,,,,,,,,,,,,,,,,0.35,350,1000,0.2,0.06,29.16666667,44.55760662,58.33333333,V,,"stripscanning, 67",0.1,,,27 to 50,,,circular,,,,,
,150,2,0,0,,,,,,,119,,,,,,,,,,,,,,,,,0.35,350,1000,0.2,0.06,29.16666667,44.55760662,58.33333333,V,,"stripscanning, 67",0.1,,,28 to 50,,,circular,,,,,
,170,2,0,0,,,,,,,117,,,,,,,,,,,,,,,,,0.35,350,1000,0.2,0.06,29.16666667,44.55760662,58.33333333,V,,"stripscanning, 67",0.1,,,29 to 50,,,circular,,,,,
,200,2,0,0,,,,,,,132,,,,,,,,,,,,,,,,,0.35,350,1000,0.2,0.06,29.16666667,44.55760662,58.33333333,V,,"stripscanning, 67",0.1,,,30 to 50,,,circular,,,,,
,220,2,0,0,,,,,,,128,,,,,,,,,,,,,,,,,0.35,350,1000,0.2,0.06,29.16666667,44.55760662,58.33333333,V,,"stripscanning, 67",0.1,,,31 to 50,,,circular,,,,,
,250,2,0,0,,,,,,,116,,,,,,,,,,,,,,,,,0.35,350,1000,0.2,0.06,29.16666667,44.55760662,58.33333333,V,,"stripscanning, 67",0.1,,,32 to 50,,,circular,,,,,
,300,2,0,0,,,,,,,110,,,,,,,,,,,,,,,,,0.35,350,1000,0.2,0.06,29.16666667,44.55760662,58.33333333,V,,"stripscanning, 67",0.1,,,33 to 50,,,circular,,,,,
,200,168,0,0,,,,,,,117,,,,,,,,,,,,,,,,,0.35,350,1000,0.2,0.06,29.16666667,44.55760662,58.33333333,V,,"stripscanning, 67",0.1,,,34 to 50,,,circular,,,,,
,100,336,0,0,,,,,,,123,,,,,,,,,,,,,,,,,0.35,350,1000,0.2,0.06,29.16666667,44.55760662,58.33333333,V,,"stripscanning, 67",0.1,,,35 to 50,,,circular,,,,,
"Zhou, 2018",520,0.5,0,0,,,,,,,74.3,,,,,,,,,,,,,,,,,0.307692308,400,1300,0.19,0.03,53.98110661,39.1715223,102.5641026,V,,"stripscanning, 67",0.1,,,40,EOS,EOS M 280,,,,,,
,520,1,0,0,,,,,,,70.4,,,,,,,,,,,,,,,,,0.307692308,400,1300,0.19,0.03,53.98110661,39.1715223,102.5641026,V,,"stripscanning, 67",0.1,,,40,EOS,EOS M 280,,,,,,
,520,2,0,0,,,,,,,80.5,,,,,,,,,,,,,,,,,0.307692308,400,1300,0.19,0.03,53.98110661,39.1715223,102.5641026,V,,"stripscanning, 67",0.1,,,40,EOS,EOS M 280,,,,,,
,520,2,160,1,,,,,,,72.4,,,,,,,,,,,,,,,,,0.307692308,400,1300,0.19,0.03,53.98110661,39.1715223,102.5641026,V,,"stripscanning, 67",0.1,,,40,EOS,EOS M 280,,,,,,
,520,2,160,3,,,,,,,85.9,,,,,,,,,,,,,,,,,0.307692308,400,1300,0.19,0.03,53.98110661,39.1715223,102.5641026,V,,"stripscanning, 67",0.1,,,40,EOS,EOS M 280,,,,,,
,520,2,160,6,,,,,,,102,,,,,,,,,,,,,,,,,0.307692308,400,1300,0.19,0.03,53.98110661,39.1715223,102.5641026,V,,"stripscanning, 67",0.1,,,40,EOS,EOS M 280,,,,,,
,520,2,160,8,,,,,,,102,,,,,,,,,,,,,,,,,0.307692308,400,1300,0.19,0.03,53.98110661,39.1715223,102.5641026,V,,"stripscanning, 67",0.1,,,40,EOS,EOS M 280,,,,,,
,520,2,160,10,,,,,,,103.5,,,,,,,,,,,,,,,,,0.307692308,400,1300,0.19,0.03,53.98110661,39.1715223,102.5641026,V,,"stripscanning, 67",0.1,,,40,EOS,EOS M 280,,,,,,
,520,2,160,12,,,,,,,102,,,,,,,,,,,,,,,,,0.307692308,400,1300,0.19,0.03,53.98110661,39.1715223,102.5641026,V,,"stripscanning, 67",0.1,,,40,EOS,EOS M 280,,,,,,
,520,2,160,15,,,,,,,99.1,,,,,,,,,,,,,,,,,0.307692308,400,1300,0.19,0.03,53.98110661,39.1715223,102.5641026,V,,"stripscanning, 67",0.1,,,40,EOS,EOS M 280,,,,,,
,520,2,160,24,,,,,,,99,,,,,,,,,,,,,,,,,0.307692308,400,1300,0.19,0.03,53.98110661,39.1715223,102.5641026,V,,"stripscanning, 67",0.1,,,40,EOS,EOS M 280,,,,,,
,520,4,0,0,,,,,,,80.3,,,,,,,,,,,,,,,,,0.307692308,400,1300,0.19,0.03,53.98110661,39.1715223,102.5641026,V,,"stripscanning, 67",0.1,,,40,EOS,EOS M 280,,,,,,
"Sun, 2019",500,0.25,158,0.16,,,267,,9,,,,410.1363764,,,9.94,,0.27,0.15,312,,4,,,402.3089987,,,0.4,400,1000,0.165,0.025,96.96969697,50.92297899,160,V,,"stripscanning, 67",0.1,,,20 to 60,,Renishaw AM 250,rectangular,"28,5",,,,
,380,0.75,0,0,,,171,,12,,,,332.8771869,,,9.94,,0.27,0.15,,,,,,,,,0.4,400,1000,0.165,0.025,96.96969697,50.92297899,160,V,,"stripscanning, 67",0.1,,,20 to 60,,Renishaw AM 250,rectangular,"28,5",,,,
,500,0.25,158,0.16,,,162,,21,,,,360.3328942,,,9.94,,0.27,0.15,,,,,,,,,0.4,400,1000,0.165,0.025,96.96969697,50.92297899,160,V,,"stripscanning, 67",0.1,,,20 to 60,,Renishaw AM 250,rectangular,"28,5",,,,
,380,0.75,0,0,,,,,,,,,,,,9.94,,0.27,0.15,,,,,,,,,0.4,400,1000,0.165,0.025,96.96969697,50.92297899,160,V,,"stripscanning, 67",0.1,,,20 to 60,,Renishaw AM 250,rectangular,"28,5",,,,
"Tradowsky, 2016",520,5,160,12,,,315,268,2.5,,,,374.6910013,,,10.2,,0.3,0.15,375,230,4.8,,,477.1861856,,,0.170731707,175,1025,0.0975,0.03,58.36981447,60.37616073,94.85094851,H,,"chessboard, 90, uni",0.06,,,25 to 50,TLS Technik,Concept laser M2,circular,"25,5",,,,N
,,,,,,,,,,,,,,,,10.2,,0.3,0.15,275,215,1.3,,,292.0915028,,,0.170731707,175,1025,0.0975,0.03,58.36981447,60.37616073,94.85094851,V,,"chessboard, 90, uni",0.06,,,25 to 50,TLS Technik,Concept laser M3,circular,"25,6",,,,N
"RMIT, 2019",200,1,0,0,,,380,240,2.6,,108,,442.2460022,,,10.2,,0.34,0.19,400,280,2,112,,445.1544993,,150,0.304347826,350,1150,0.19,0.05,32.03661327,,,V,,,,,,,,SLM 500 HL,circular,,,,,Y
,200,10,0,0,,,,,,,107,,,,,,,,,,,,,,,,,#DIV/0!,,,,,#DIV/0!,,,V,,,,,,,,,,,,,,
,300,1,0,0,,,310,200,5.1,,,,416.1355264,,,,,,,,,,,,,,150,0.304347826,350,1150,,,#DIV/0!,,,V,,,,,,,,,,,,,,
,300,2,0,0,,,,,,,100,,,,,,,,,,,,,,,,,#DIV/0!,,,,,#DIV/0!,,,V,,,,,,,,,,,,,,
,300,10,0,0,,,,,,,92,,,,,,,,,,,,,,,,,#DIV/0!,,,,,#DIV/0!,,,V,,,,,,,,,,,,,,
,400,1,0,0,,,245,135,9.2,,,,389.5681741,,,,,,,,,,,,,,120,0.304347826,350,1150,,,#DIV/0!,,,V,,,,,,,,,,,,,,
,400,10,0,0,,,,,,,86,,,,,,,,,,,,,,,,,#DIV/0!,,,,,#DIV/0!,,,V,,,,,,,,,,,,,,
,500,1,0,0,,,230,135,9.5,,,,376.6585408,,,,,,,,,,,,,,120,0.304347826,350,1150,,,#DIV/0!,,,V,,,,,,,,,,,,,,
,500,10,0,0,,,,,,,83,,,,,,,,,,,,,,,,,,,,,,#DIV/0!,,,,,,,,,,,,,,,,,
"RMIT, 2019",,,,,,,,,,,,,,,,,,,,355,203,3.5,,,,,150,0.304347826,350,1150,0.19,0.05,32.03661327,,,V,,,,,,,,SLM 500 HL,,,,,,
,,,,,,,,,,,,,,,,,,,,355,195,3.6,,,,,150,0.304347826,350,1150,0.19,0.05,32.03661327,,,V,,,,,,,,SLM 500 HL,,,,,,
,,,,,,,,,,,,,,,,,,,,348,205,6.4,,,,,150,0.304347826,350,1150,0.19,0.05,32.03661327,,,H,,,,,,,,,,,,,,
"Biffi, 2019",320,2,0,0,,,233,142,13.4,,,,402.0657198,,,,,,,440,290,5.6,,,552.2282041,,150,0.304347826,350,1150,0.17,0.05,35.8056266,60.54022639,76.08695652,,,,0.08,,,20 to 63,,SLM 500 HL,,,,,,
"Girelli, 2017",510,6,0,0,,,,,,,,,,,,10.25,,0.396,0.212,,,,125 (HB),,,,80,0.284615385,370,1300,0.1,0.03,94.87179487,,,,,,,,,,EOS,EOS M 290,,,,,,
,510,6,160,1,,,,,,,108,,,,,10.25,,0.396,0.212,,,,,,,,,0.284615385,370,1300,0.1,0.03,94.87179487,,,,,,,,,,EOS,EOS M 290,,,,,,
,510,6,170,1,,,,,,,105,,,,,10.25,,0.396,0.212,,,,,,,,,0.284615385,370,1300,0.1,0.03,94.87179487,,,,,,,,,,EOS,EOS M 290,,,,,,
,540,6,0,0,,,,,,,70,,,,,10.25,,0.396,0.212,,,,,,,,,0.284615385,370,1300,0.1,0.03,94.87179487,,,,,,,,,,EOS,EOS M 290,,,,,,
,540,6,160,1,,,,,,,105,,,,,10.25,,0.396,0.212,,,,,,,,,0.284615385,370,1300,0.1,0.03,94.87179487,,,,,,,,,,EOS,EOS M 290,,,,,,
,540,6,170,1,,,,,,,105,,,,,10.25,,0.396,0.212,,,,,,,,,0.284615385,370,1300,0.1,0.03,94.87179487,,,,,,,,,,EOS,EOS M 290,,,,,,
"Ozer, 2019",300,2,0,0,,,322,235,4.9,,102,,425.529412,,,9.8,,0.36,0.14,381,326,3.2,118,,456.7724967,,,0.284615385,370,1300,0.19,0.03,49.93252362,,,,,,,,,47,,EOS M 290,,,,,,
,540,2,160,12,,,283,229,5.6,,98,,395.2282041,,,9.8,,0.36,0.14,,,,,,,,,0.284615385,370,1300,0.2,0.03,47.43589744,,,,,,,,,47,,EOS M 290,,,,,,
"Uzan, 2017",300,2,0,0,,,253,205,18,,,,441.2908758,,,,,,,384,241,6,,,500.7226876,,20,0.4,400,1000,,,#DIV/0!,,,,,"biaxial, 8 mm width",,,,30,,EOS M 280,circular,"35.8, 6.35",,1,98.5,
"Larrosa, 2018",520,5,160,12,,,270,230,1.5,,,,296.4136889,,,10.2,,0.3,0.15,370,250,1,,,370,,,0.170731707,175,1025,0.0975,0.03,58.36981447,60.37616073,94.85094851,V,,"chessboard, 90, bi",0.06,,,25 to 50,TLS Technik,Concept laser M2,circular,,,,,Y
,520,5,160,12,,,270,225,1.7,,,,304.5673382,,,10.2,,0.3,0.15,400,275,1.6,,,430.6179974,,,0.170731707,175,1025,0.0975,0.03,58.36981447,60.37616073,94.85094851,H,,"chessboard, 90, bi",0.06,,,25 to 50,TLS Technik,Concept laser M2,circular,,,,,Y
"Bagherifard, 2018",560,1,160,6,,,265,201,13,,88,73,432.0915028,,,9.8,,0.44,0.24,410,273,2.6,,,472.2460022,,150,0.304347826,350,1150,0.17,0.05,35.8056266,60.54022639,76.08695652,V,,"chessboard, 67, bi",0.08,,,50,SLM,SLM 500 HL,rectangular,32/7,,0.7 and 2,,
"Casati, 2018",,,,,,,,,,,,,,,,,,,,386,248,8.6,,,526.1747677,,160,0.261538462,340,1300,0.2,0.03,43.58974359,,,H,,"stripscanning, 67",,,,,,EOS M 290,circular,"30,6",,0.5,99.4,Y
,,,,,,,,,,,,,,,,,,,,412,228,7,,,538.764706,,160,0.261538462,340,1300,0.2,0.03,43.58974359,,,V,,"stripscanning, 67",,,,,,EOS M 290,circular,"30,6",,0.5,99.4,Y
,540,1,160,4,,,323,243,15.3,,,,500.7037146,,,,,,,,,,,,,,30,0.261538462,340,1300,0.2,0.03,43.58974359,,,H,,"stripscanning, 67",,,,,,EOS M 290,circular,"30,6",,0.5,,Y
,540,1,160,4,,,302,223,16,,,,482.6179974,,,,,,,,,,,,,,30,0.261538462,340,1300,0.2,0.03,43.58974359,,,V,,"stripscanning, 67",,,,,,EOS M 290,circular,"30,6",,0.5,,Y
,0,0,160,4,,,471,321,8.6,,,,611.1747677,,,,,,,,,,,,,,30,0.261538462,340,1300,0.2,0.03,43.58974359,,,H,,"stripscanning, 67",,,,,,EOS M 290,circular,"30,6",,0.5,,Y
,0,0,160,4,,,493,292,6,,,,609.7226876,,,,,,,,,,,,,,30,0.261538462,340,1300,0.2,0.03,43.58974359,,,V,,"stripscanning, 67",,,,,,EOS M 290,circular,"30,6",,0.5,,Y
"Colombo, 2019",244,3,0,0,,,344,232,4.2,,,,437.4873936,,,,,,,414,287,5.6,,,526.2282041,,150,0.304347826,350,1150,0.17,0.05,35.8056266,60.54022639,76.08695652,H,,,0.08,,,,SLM,SLM 500 HL,rectangular,,,,,N
"Colombo, 2019",244,3,0,0,,,352,204,4.7,,,,452.8146787,,,,,,,419,270,4.1,,,510.9175785,,150,0.304347826,350,1150,0.17,0.05,35.8056266,60.54022639,76.08695652,V,,,0.08,,,,SLM,SLM 500 HL,rectangular,,,,,N
,290,1.25,0,0,,,315,207,6.3,,,,434.9010824,,,,,,,,,,,,,,150,0.304347826,350,1150,0.17,0.05,35.8056266,60.54022639,76.08695652,H,,,0.08,,,,SLM,SLM 500 HL,rectangular,,,,,N
,290,1.25,0,0,,,347,189,5.6,,,,459.2282041,,,,,,,,,,,,,,150,0.304347826,350,1150,0.17,0.05,35.8056266,60.54022639,76.08695652,V,,,0.08,,,,SLM,SLM 500 HL,rectangular,,,,,N
"Colombo, 2020",170,1.5,0,0,,,437,310,5.4,,,,546.859064,,,,,,,,,,,,,,150,0.304347826,350,1150,0.17,0.05,35.8056266,,,H,,,0.08,,,,SLM,SLM 500 HL,rectangular,,0.015/min,,,N
,170,1.5,0,0,,,403,276,3.5,,,,484.6102067,,,,,,,,,,,,,,150,0.304347826,350,1150,0.17,0.05,35.8056266,,,V,,,0.08,,,,SLM,SLM 500 HL,rectangular,,,,,N
,320,2,0,0,,,233,146.5,13.3,,,,401.5777461,,,,,,,,,,,,,,150,0.304347826,350,1150,0.17,0.05,35.8056266,,,H,,,0.08,,,,SLM,SLM 500 HL,rectangular,,,,,N
,320,2,0,0,,,233,146.5,13.3,,,,,,,,,,,,,,,,,,150,0.304347826,350,1150,0.17,0.05,35.8056266,,,V,,,0.08,,,,SLM,SLM 500 HL,rectangular,,,,,N
"Fiocchi, 2016",265,0.5,,,,,,,,,101,,,,,10,,0.4,0.2,,,,114,,,,25,#DIV/0!,300,,0.14,0.025,#DIV/0!,,,,,,0.13,120,,20 to 63 (45),,Renishaw AM 250,,,,,,
,265,2,,,,,,,,,103,,,,,10,,0.4,0.2,,,,,,,,25,#DIV/0!,300,,0.14,0.025,#DIV/0!,,,,,,0.13,120,,20 to 63 (45),,Renishaw AM 250,,,,,,
,295,0.5,,,,,,,,,95,,,,,10,,0.4,0.2,,,,,,,,25,#DIV/0!,300,,0.14,0.025,#DIV/0!,,,,,,0.13,120,,20 to 63 (45),,Renishaw AM 250,,,,,,
,295,2,,,,,,,,,85,,,,,10,,0.4,0.2,,,,,,,,25,#DIV/0!,300,,0.14,0.025,#DIV/0!,,,,,,0.13,120,,20 to 63 (45),,Renishaw AM 250,,,,,,
,320,0.5,0,0,,,,,,,86,,,,,10,,0.4,0.2,,,,,,,,25,#DIV/0!,300,,0.14,0.025,#DIV/0!,,,,,,0.13,120,,20 to 63 (45),,Renishaw AM 250,,,,,,
,320,2,0,0,,,,,,,74,,,,,10,,0.4,0.2,,,,,,,,25,#DIV/0!,300,,0.14,0.025,#DIV/0!,,,,,,0.13,120,,20 to 63 (45),,Renishaw AM 250,,,,,,
"Heilgeist, 2019",0,0,160,8,,,,,,,81,,,,,,,,,,,,81,,,,200,0.376344086,350,930,0.42,0.05,17.92114695,,,45,,"chessboard, 90, bi",,,,20 to 63,SLM,SLM 280 HL,rectangular,,,5,,Y
,0,0,160,8,,,,,,,80,,,,,,,,,,,,80,,,,200,0.376344086,350,930,0.42,0.05,17.92114695,,,60,,"chessboard, 90, bi",,,,20 to 63,SLM,SLM 280 HL,rectangular,,,5,,Y
,0,0,160,8,,,,,,,78,,,,,,,,,,,,78,,,,200,0.376344086,350,930,0.42,0.05,17.92114695,,,70,,"chessboard, 90, bi",,,,20 to 63,SLM,SLM 280 HL,rectangular,,,5,,Y
,0,0,160,8,,,,,,,75,,,,,,,,,,,,75,,,,200,0.376344086,350,930,0.42,0.05,17.92114695,,,80,,"chessboard, 90, bi",,,,20 to 63,SLM,SLM 280 HL,rectangular,,,5,,Y
,0,0,160,8,,,,,,,73,,,,,,,,,,,,73,,,,200,0.376344086,350,930,0.42,0.05,17.92114695,,,90,,"chessboard, 90, bi",,,,20 to 63,SLM,SLM 280 HL,rectangular,,,5,,Y
,525,8,165,10,,,,,,,46,,,,,,,,,,,,88,,,,200,0.376344086,350,930,0.42,0.05,17.92114695,,,45,,"chessboard, 90, bi",,,,20 to 63,SLM,SLM 280 HL,rectangular,,,5,,Y
,525,8,165,10,,,,,,,48,,,,,,,,,,,,78,,,,200,0.376344086,350,930,0.42,0.05,17.92114695,,,60,,"chessboard, 90, bi",,,,20 to 63,SLM,SLM 280 HL,rectangular,,,5,,Y
,525,8,165,10,,,,,,,54,,,,,,,,,,,,76,,,,200,0.376344086,350,930,0.42,0.05,17.92114695,,,70,,"chessboard, 90, bi",,,,20 to 63,SLM,SLM 280 HL,rectangular,,,5,,Y
,525,8,165,10,,,,,,,60,,,,,,,,,,,,74,,,,200,0.376344086,350,930,0.42,0.05,17.92114695,,,80,,"chessboard, 90, bi",,,,20 to 63,SLM,SLM 280 HL,rectangular,,,5,,Y
,525,8,165,10,,,,,,,64,,,,,,,,,,,,74,,,,200,0.376344086,350,930,0.42,0.05,17.92114695,,,90,,"chessboard, 90, bi",,,,20 to 63,SLM,SLM 280 HL,rectangular,,,5,,Y
,525,2,0,0,,,200,110,11,,,,356.2089028,,,,,,,360,235,2.7,76,,424.7045646,,200,0.376344086,350,930,0.42,0.05,17.92114695,,,70,,"chessboard, 90, bi",,,,20 to 63,SLM,SLM 280 HL,rectangular,,,5,,Y
,525,2,160,2,,,225,150,9,,,,368.1363764,,,,,,,,,,,,,,200,0.376344086,350,930,0.42,0.05,17.92114695,,,70,,"chessboard, 90, bi",,,,20 to 63,SLM,SLM 280 HL,rectangular,,,5,,Y
,525,2,160,4,,,280,210,6,,,,396.7226876,,,,,,,,,,,,,,200,0.376344086,350,930,0.42,0.05,17.92114695,,,70,,"chessboard, 90, bi",,,,20 to 63,SLM,SLM 280 HL,rectangular,,,5,,Y
,525,2,160,8,,,300,260,4,,,,390.3089987,,,,,,,,,,,,,,200,0.376344086,350,930,0.42,0.05,17.92114695,,,70,,"chessboard, 90, bi",,,,20 to 63,SLM,SLM 280 HL,rectangular,,,5,,Y
"Iturrioz, 2018",300,2,0,0,,,220,180,17,,81,,404.5673382,,,9.94,,0.38,0.16,382,250,2,127,,427.1544993,,,#DIV/0!,,,,,#DIV/0!,,,V,,,,,,20 to 63,,SLM 280 HL,circular,,,,,
,450,2,180,12,,,219,185,11,,81,,375.2089028,,,9.94,,0.38,0.16,,,,,,,,,#DIV/0!,,,,,#DIV/0!,,,V,,,,,,20 to 63,,SLM 280 HL,circular,,,,,
,550,2,180,12,,,307,260,9,,101,,450.1363764,,,9.94,,0.38,0.16,,,,,,,,,#DIV/0!,,,,,#DIV/0!,,,V,,,,,,20 to 63,,SLM 280 HL,circular,,,,,
,450,2,0,0,,,189,120,14,,88,,360.9192054,,,9.94,,0.38,0.16,,,,,,,,,#DIV/0!,,,,,#DIV/0!,,,V,,,,,,20 to 63,,SLM 280 HL,circular,,,,,
,550,2,0,0,,,248,150,13,,70,,415.0915028,,,9.94,,0.38,0.16,,,,,,,,,#DIV/0!,,,,,#DIV/0!,,,V,,,,,,20 to 63,,SLM 280 HL,circular,,,,,
"Takata, 2017",300,2,0,0,,,285,180,18.6,,88,,475.4269416,,,10.73,,0.17,0.42,475,279,7.5,132,,606.2591895,,25,#DIV/0!,380,,0.1,0.03,#DIV/0!,,,H,,"chessboard, 67, bi",,,,1 to 34,,EOS M 280,rectangular,"14,2",0.0012,1,,Y
,300,2,0,0,,,290,175,14.2,,88,,462.8432517,,,10.73,,0.17,0.42,476,220,5.5,134,,587.0544034,,25,#DIV/0!,,,0.1,0.03,#DIV/0!,,,V,,"chessboard, 67, bi",,,,1 to 34,,EOS M 280,rectangular,"14,2",0.0012,1,,Y
,530,6,0,0,,,269,153,18.3,,61,,458.3676635,,,10.73,,0.17,0.42,,,,,,,,25,#DIV/0!,,,0.1,0.03,#DIV/0!,,,H,,"chessboard, 67, bi",,,,1 to 34,,EOS M 280,rectangular,"14,2",0.0012,1,,Y
,530,6,0,0,,,245,139,18.1,,61,,433.6517862,,,10.73,,0.17,0.42,,,,,,,,25,#DIV/0!,,,0.1,0.03,#DIV/0!,,,V,,"chessboard, 67, bi",,,,1 to 34,,EOS M 280,rectangular,"14,2",0.0012,1,,Y
,530,6,20,270,,,,,,,75,,,,,10.73,,0.17,0.42,,,,,,,,25,#DIV/0!,,,0.1,0.03,#DIV/0!,,,V,,"chessboard, 67, bi",,,,1 to 34,,EOS M 280,rectangular,"14,2",0.0012,1,,Y
"wang, 2018",535,2,158,10,,,278,160,10.12,,100,,428.7770769,,,,,0.33,0.55,358,,7.4,121,,488.384758,,,0.4,400,1000,0.175,0.025,91.42857143,88.16305228,210.5263158,H,,"chessboard, 67, bi",0.076,,,20 to 60 (30),Renishaw,Renishaw AM 250,rectangular,,,,,
,535,2,158,10,,,267,174,9.28,,96,,412.1321964,,,,,0.33,0.55,334,,3.6,120,,417.4453751,,,0.4,400,1000,0.175,0.025,91.42857143,88.16305228,210.5263158,V,,"chessboard, 67, bi",0.076,,,20 to 60 (30),Renishaw,Renishaw AM 250,rectangular,,,,,
"Zhang, 2018",300,2,0,0,,,360,260,7.4,,,,490.384758,,,9.15,,0.3,0.18,,,,,,,,,0.245,490,2000,,,#DIV/0!,,,,,,0,,,,,,,,,,,
,530,1,0,0,,,250,150,11.7,,,,410.2278793,,,9.15,,0.3,0.18,,,,,,,,,0.245,490,2000,,,#DIV/0!,,,,,,0,,,,,,,,,,,
,530,1,170,12,,,240,175,10,,,,390,,,9.15,,0.3,0.18,,,,,,,,,0.245,490,2000,,,#DIV/0!,,,,,,0,,,,,,,,,,,
"Maamoun, 2018",,,,,,,,,,,,,,,,,,,,354,186,,,,,,200,0.37,370,1000,0.19,0.03,64.9122807,,,,,,0,,,12 to 110,,,,,,,,
,,,,,,,,,,,,,,,,,,,,396,196,,,,,,200,0.284615385,370,1300,0.19,0.03,49.93252362,,,,,,0,,,12 to 110,,,,,,,,
,,,,,,,,,,,,,,,,,,,,290,232,,,,,,200,0.153846154,200,1300,0.19,0.03,26.99055331,,,,,,0,,,12 to 110,,,,,,,,
"Shrinivasa, 2019",,,,,,,,,,,,,,,,,,,,338,,4.6,,,437.4136748,,300,0.284615385,370,1300,0.19,0.03,49.93252362,,,H,,"stripscanning, 67",0,,,,,EOS M 280,circular,"32.5,6",0.001,,99.1,Y
,,,,,,,,,,,,,,,,,,,,366,,4.4,,,462.5179015,,300,0.284615385,370,1300,0.19,0.03,49.93252362,,,V,,"stripscanning, 67",0,,,,,EOS M 280,circular,"32.5,6",0.001,,99.1,Y
"Du, 2019",,,,,,,,,,,,,,,,,,,,325,,6,,,441.7226876,,80,0.430107527,400,930,0.14,0.04,76.80491551,85.5560803,134.4086022,,,"stripscanning, 67",0.08,,,20 to 100 (56),Renishaw,Renishaw AM 250,rectangular,"42,2",,0.6,,
"Hadadzadeh, 2018",,,,,,,,,,,,,,,,10.8,,0.35,0.55,386,235,7.2,,,514.5998745,,200,0.284615385,370,1300,0.19,0.03,49.93252362,36.23365813,94.87179487,H,,,0.1,,,,EOS,EOS M 290,circular,"24,6",0.0009,,,Y
,,,,,,,,,,,,,,,,10.8,,0.35,0.55,392,210,5.5,,,503.0544034,,200,0.284615385,370,1300,0.19,0.03,49.93252362,36.23365813,94.87179487,V,,,0.1,,,,EOS,EOS M 290,circular,"24,6",0.0009,,,Y
"kempen, 2012",,,,,,,,,,,,,,,,,,,,400,240,5.5,127,68,511.0544034,,,0.142857143,200,1400,0.105,,#DIV/0!,8.083012539,,H,,,0.15,,,,,Concept laser M1,rectangular,,,,98.5,
,,,,,,,,,,,,,,,,,,,,391,220,3.5,,,472.6102067,,,0.142857143,200,1400,0.105,,#DIV/0!,8.083012539,,V,,,0.15,,,,,Concept laser M1,rectangular,,,,98.5,
"Read, 2015",,,,,,,,,,,,,,,,9.92,,0.29,0.137,340,250,1.5,,,366.4136889,,,0.170731707,175,1025,0.15,0.03,37.9403794,,,H,,"chessboard, 90, bi",0,,,20 to 63 (35),LPW technology Ltd,Concept laser M2,circular,,,,,Y
,,,,,,,,,,,,,,,,9.92,,0.29,0.137,320,230,1.3,,,337.0915028,,,0.170731707,175,1025,0.15,0.03,37.9403794,,,V,,"chessboard, 90, bi",0,,,21 to 63 (35),LPW technology Ltd,Concept laser M2,circular,,,,,Y
"Guo, 2019",,,,,,,,,,,,,,,,,,,,364,,3,,,435.5681882,,80,0.4,200,500,0.15,0.03,88.88888889,103.9244469,190.4761905,H,,Checkboard/island,0.07,,,20 to 63,PSI HERMIGA 75/5VI,SPI + SCANLAB,rectangular,"28,2",,,98.69,Y
,,,,,,,,,,,,,,,,,,,,381,,2.83,,,448.7679653,,120,0.4,200,500,0.15,0.03,88.88888889,103.9244469,190.4761905,H,,Checkboard/island,0.07,,,20 to 63,PSI HERMIGA 75/5VI,SPI + SCANLAB,rectangular,"28,2",,,97.39,Y
,,,,,,,,,,,,,,,,,,,,364,,5.33,,,473.0090814,,160,0.4,200,500,0.15,0.03,88.88888889,103.9244469,190.4761905,H,,Checkboard/island,0.07,,,20 to 63,PSI HERMIGA 75/5VI,SPI + SCANLAB,rectangular,"28,2",,,97.01,Y
,,,,,,,,,,,,,,,,,,,,303,,2,,,348.1544993,,80,0.4,200,500,0.15,0.03,88.88888889,103.9244469,190.4761905,H,,uniformity,0.07,,,21 to 63,PSI HERMIGA 75/5VI,SPI + SCANLAB,rectangular,"28,2",,,97.76,Y
"Raus, 2017",,,,,,,,,,,,,,,,10,,0.39,0.1,412,242,6.34,140,,532.3133887,,150,0.212121212,350,1650,0.13,0.03,54.39005439,42.19470324,88.38383838,H,,"chessboard, 90, bi",0.08,,,5 to 50,,SLM 125 HL,rectangular,25,,0.5,99.064,Y
"Xiao, 2019",,,,,,,,,,,,,,,,10,,0.322,,490,290,3.9,,,578.6596911,,,0.166666667,200,1200,0.1,0.03,55.55555556,37.72072518,74.07407407,V,,"chessboard, 90, bi",0.075,,,15 to 53,Vilory Ltd,"Prox DMP 200, 3D systems",circular,,,,99.971,Y
,,,,,,,,,,,,,,,,10,,0.322,,437,325,2.9,,,506.3596997,,,0.166666667,200,1200,0.1,0.03,55.55555556,37.72072518,74.07407407,H,,"chessboard, 90, bi",0.075,,,15 to 53,Vilory Ltd,"Prox DMP 200, 3D systems",circular,"25,5",0.0001,,99.971,Y
"Hitzler, 2017",,,,,,,,,,,,,,,,,,,,400,240,6.47,120 (HB),73,521.6356421,,200,0.376344086,350,930,0.42,0.05,17.92114695,,,H,,"chessboard, 90, bi",0,,,37,SLM,SLM 280 HL,rectangular,,,5,99.5,Y
,,,,,,,,,,,,,,,,,,,,314,180,3.97,105,69,403.818576,,200,0.376344086,350,930,0.42,0.05,17.92114695,,,45,,"chessboard, 90, bi",0,,,37,SLM,SLM 280 HL,rectangular,,,5,99.5,Y
,,,,,,,,,,,,,,,,,,,,357,208,3.15,104,70,431.7465831,,200,0.376344086,350,930,0.42,0.05,17.92114695,,,V,,"chessboard, 90, bi",0,,,37,SLM,SLM 280 HL,rectangular,,,5,99.5,Y
"Jokelainen, 2019",300,2,0,0,,,296,194,13.7,,,,466.5080851,,,,,,,449,315,9.5,,,595.6585408,,,0.212121212,350,1650,0.13,0.03,54.39005439,,,H,,"stripscanning, 67",0,,,20 to 63,,,rectangular,"25,3",,1,,Y
,300,2,0,0,,,298,176,10.8,,,,453.0135633,,,,,,,420,268,5,,,524.8455007,,,0.212121212,350,1650,0.13,0.03,54.39005439,,,V,,"stripscanning, 67",0,,,20 to 63,,,rectangular,"25,3",,1,,Y
"Jiang, 2019",,,,,,,,,,,,,,,,11,,,,387,205,3.22,,,463.1783808,,80,2,400,200,0.15,0.05,266.6666667,,,,,"stripscanning, 67",0,,,20 to 63,,Space M 200,rectangular,"40,2",,,,
"Tang, 2017",300,2,0,0,,,278,178,12.4,0.16,,,442.0132528,,,10.6,,0.38,0.15,,,,,,,,,0.284615385,370,1300,0.16,0.03,59.29487179,36.23365813,94.87179487,V,,"chessboard, 67, bi",0.1,,,45,EOS,EOS M 280,circular,"23, 5.7",,1,,Y
,300,2,0,0,,,282,186,12.7,0.14,,,447.5705581,,,10.6,,0.38,0.15,,,,,,,,,0.284615385,370,1300,0.19,0.03,49.93252362,36.23365813,94.87179487,V,,"chessboard, 67, bi",0.1,,,45,EOS,EOS M 280,circular,"23, 5.7",,1,,Y
,300,2,0,0,,,278,182,11.8,0.14,,,438.7823011,,,10.6,,0.38,0.15,,,,,,,,,0.284615385,370,1300,0.22,0.03,43.12354312,36.23365813,94.87179487,V,,"chessboard, 67, bi",0.1,,,45,EOS,EOS M 280,circular,"23, 5.7",,1,,Y
,300,2,0,0,,,274,188,15.3,0.12,,,451.7037146,,,10.6,,0.38,0.15,,,,,,,,,0.284615385,370,1300,0.19,0.03,49.93252362,36.23365813,94.87179487,H,,"chessboard, 67, bi",0.1,,,45,EOS,EOS M 280,circular,"23, 5.7",,1,,Y
"wang, 2018",300,2,0,0,,,370,246,4.4,,,,466.5179015,,,,,,,,,,,,,,160,0.289855072,400,1380,0.13,0.025,89.18617614,26.50151495,98.25595677,H,,"chessboard, 67, bi",0.118,100 to 180,,,,,rectangular,"30,3",,0.5,,
,300,2,0,0,,,370,237,4.2,,,,463.4873936,,,,,,,,,,,,,,160,0.289855072,400,1380,0.13,0.025,89.18617614,26.50151495,98.25595677,V,,"chessboard, 67, bi",0.118,100 to 180,,,,,rectangular,"30,3",,0.5,,
,300,2,0,0,,,388,257,4.8,,,,490.1861856,,,,,,,,,,,,,,160,0.425531915,400,940,0.13,0.025,130.9328969,38.90647939,144.2481067,H,,"chessboard, 67, bi",0.118,100 to 180,,,,,rectangular,"30,3",,0.5,,
,300,2,0,0,,,378,239,4.3,,,,473.0202683,,,,,,,,,,,,,,160,0.425531915,400,940,0.13,0.025,130.9328969,38.90647939,144.2481067,V,,"chessboard, 67, bi",0.118,100 to 180,,,,,rectangular,"30,3",,0.5,,
,300,2,0,0,,,355,230,4,,,,445.3089987,,,,,,,,,,,,,,160,0.650406504,400,615,0.13,0.025,200.1250782,59.46681403,220.476781,H,,"chessboard, 67, bi",0.118,100 to 180,,,,,rectangular,"30,3",,0.5,,
,300,2,0,0,,,355,220,4,,,,445.3089987,,,,,,,,,,,,,,160,0.650406504,400,615,0.13,0.025,200.1250782,59.46681403,220.476781,V,,"chessboard, 67, bi",0.118,100 to 180,,,,,rectangular,"30,3",,0.5,,
"Mower, 2016",300,2,0,0,,,358,227,4,,,65.5,448.3089987,,,9.5,,0.33,0.15,,,,,,,,200,0.107526882,100,930,,0.05,#DIV/0!,13.68897285,21.50537634,H,,,0.1,,,20 to 63,EOS,SLM 280,rectangular,"10, 3.8",0.0001,,,N
,300,2,0,0,,,289,172,2.6,,,75.4,351.2460022,,,9.5,,0.33,0.15,,,,,,,,200,0.107526882,100,930,,0.05,#DIV/0!,13.68897285,21.50537634,V,,,0.1,,,20 to 63,EOS,SLM 280,rectangular,"10, 3.8",0.0001,,,N
"Wang Y, 2018",,,,,,,,,,,,,,,,,,,,337,234,3,,,408.5681882,,20 (steel),0.284615385,370,1300,0.19,0.03,49.93252362,,,H,F,,0,,,45,,EOS 280,rectangular,"12, 1.7",,1,98.8,Y
"Xue, 2019",,,,,,,,,,,,,,,,,,,,510,315,3.4,,,589.7218376,,,0.544444444,490,900,0.12,0.04,113.4259259,48.13321703,113.4259259,,,"chessboard, 90, bi",0.12,,,45,,self,,,,1,97.7,
"Awd, 2019",,,,,,,,,,,,,,,,,,,,450,270,4.8,128,,552.1861856,,200,0.291666667,350,1200,0.19,0.05,30.70175439,53.89946124,70.2811245,V,,"uniformity, 90, bi",0.083,,,,,SLM 250 HL,circular,,0.0167,1,99.5,Y
,,,,,,,,,,,,,,,,,,,,420,240,5.33,127,,529.0090814,,20,0.291666667,350,1200,0.19,0.05,30.70175439,53.89946124,70.2811245,V,,"uniformity, 90, bi",0.083,,,,,SLM 250 HL,circular,,0.0167,1,99.5,Y
"Mfusi, 2019",300,2,0,0,,,158,98,23,,44,65,362.2591754,,,,,,,,,,,,,,,0.15,150,1000,0.05,0.05,60,,,H,,,0,,,30 to 65,TLS Technik ,SLM M280,circular,"30,",,,97.33,
,300,2,0,0,,,110,61,12.5,,47,56,274.536502,,,,,,,,,,,,,,,0.15,150,1000,0.05,0.05,60,,,45,,,0,,,30 to 65,TLS Technik ,SLM M280,circular,"30,",,,96.81,
,300,2,0,0,,,156,87,17.5,,47,70,342.4557073,,,,,,,,,,,,,,,0.15,150,1000,0.05,0.05,60,,,V,,,0,,,30 to 65,TLS Technik ,SLM M280,circular,"30,",,,96.18,
"Rosenthal, 2018",300,2,0,0,,,286,183,18.7,72,110,,476.776241,,,,,,,473,263,7.8,125,71,,,20,0.35,350,1000,0.2,0.06,29.16666667,44.55760662,58.33333333,H,,"chessboard, 67, bi",0.1,,,15 to 30,,,circular,"30, 6",,,,
,200,2,0,0,,,479,298,5.6,68.5,132,,591.2282041,,,,,,,,,,,,,,20,0.35,350,1000,0.2,0.06,29.16666667,44.55760662,58.33333333,,,"chessboard, 67, bi",0.1,,,15 to 30,,,circular,"30, 6",,,,
"Tridello, 2019",320,2,0,0,,,234,142,13.4,,83,,403.0657198,,,10,,0.4,0.2,413,287,5.5,135,,524.0544034,,150,0.304347826,350,1150,0.17,0.05,35.8056266,60.54022639,76.08695652,H,,,0.08,,,20 to 63 (45),,SLM 500 HL,rectangular,,0.00025,,,N
"Krystian, 2018",535,10,155,6,,,192,171,1.77,,109,64,229.19599,,,,,,,160,159,1.59,107,32,190.2095686,,,0.2,400,2000,0.165,0.05,24.24242424,45.26487022,53.33333333,H,,"stripscanning, 67",0.075,,,,EOS,Renishaw AM 250,circular,"30,6",,3,92.54,Y
"Martens, 2015",250,2,0,0,,,310,152,7.4,,,,440.384758,,,9.6,,0.41,0.16,318,175,4,,,408.3089987,,200,0.897435897,175,195,0.19,0.06,78.72244714,,,V,,,,,,,,MTT SLM 250,rectangular,"20,3",,2,98,
,510,6,170,4,,,277,230,13.1,,,,444.5906943,,,,,,,,,,,,,,,,,,,,#DIV/0!,,,,,,,,,,,,,,,,,
Renishaw,300,2,0,0,,,334,211,9,,103,71,477.1363764,,,,,,,442,264,9,119,71,585.1363764,,,#DIV/0!,,,,,#DIV/0!,,,H,,,0,,,,,Renishaw,,,,,,Y
,300,2,0,0,,,339,174,4,,98,66,429.3089987,,,,,,,417,206,6,123,68,533.7226876,,,#DIV/0!,,,,,#DIV/0!,,,V,,,0,,,,,Renishaw,,,,,,Y
SLM,300,2,0,0,,,257,152,12,,84,58,418.8771869,,,,,,,473,305,7,128,77,599.764706,,,#DIV/0!,400,,,0.03,,,,H,,,0,,,,,SLM,,,0.008,,,
,300,2,0,0,,,265,155,12,,,63,426.8771869,,,,,,,479,290,6,,71,595.7226876,,,#DIV/0!,400,,,0.03,#DIV/0!,,,45,,,0,,,,,SLM,,,0.008,,,
,300,2,0,0,,,264,150,11,,,52,420.2089028,,,,,,,482,276,5,,75,586.8455007,,,#DIV/0!,400,,,0.03,#DIV/0!,,,V,,,0,,,,,SLM,,,0.008,,,
,300,2,0,0,,,251,137,11,,81,49,407.2089028,,,,,,,425,258,5,128,80,529.8455007,,,#DIV/0!,400,,,0.06,#DIV/0!,,,H,,,0,,,,,SLM,,,0.008,,,
,300,2,0,0,,,259,137,10,,,48,409,,,,,,,424,249,4,,74,514.3089987,,,#DIV/0!,400,,,0.06,#DIV/0!,,,45,,,0,,,,,SLM,,,0.008,,,
,300,2,0,0,,,263,140,8,0,,49,398.463498,,,,,,,427,248,4,,77,517.3089987,,,#DIV/0!,400,,,0.06,#DIV/0!,,,V,,,0,,,,,SLM,,,0.008,,,
EOS,300,2,0,0,,,345,230,12,,,70,506.8771869,,,,,,,460,270,9,119 (HB),75,603.1363764,,,#DIV/0!,,,,,#DIV/0!,,,H,,,0,,,,,EOS M280,circular,"25, 5",,,99.85,
,300,2,0,0,,,350,230,11,,,60,506.2089028,,,,,,,460,240,6,,70,576.7226876,,,#DIV/0!,,,,,#DIV/0!,,,V,,,0,,,,,EOS M280,circular,"25, 5",,,,
,,,,,,,,,,,,,,,,,,,,360,220,8,,70,495.463498,,200,#DIV/0!,,,,,#DIV/0!,,,H,,,0,,,,,EOS M280,circular,"25, 5",,,100,
,,,,,,,,,,,,,,,,,,,,390,210,6,,70,506.7226876,,200,#DIV/0!,,,,,#DIV/0!,,,V,,,0,,,,,EOS M280,circular,"25, 5",,,100,
,300,2,0,0,,,290,165,7.3,,,,419.498429,,,,,,,395,244,3.2,,,470.7724967,,,#DIV/0!,,,,0.09,#DIV/0!,,,,,,0,,,106,,EOS M 400,circular,"25, 5",,,,
,530,5,160,12,,,315,260,1.2,,,,326.8771869,,,,,,,340,250,1.5,120 (HB),,366.4136889,,,#DIV/0!,,,,0.03,#DIV/0!,,,V,,,0,,,,,EOS M270,circular,"25,5",,,100,
GE,240,6,0,0,,,300,155,7,,,75,426.764706,,,,,,,,,,,,#NUM!,,,#DIV/0!,,,,,#DIV/0!,,,H,,,0,,,,,,,,,,,
,240,6,0,0,,,285,165,9,,,75,428.1363764,,,,,,,,,,,,#NUM!,,,#DIV/0!,,,,,#DIV/0!,,,V,,,0,,,,,,,,,,,
"Ben, 2020",,,,,,,,,,,,,,,,10.3,,0.42,0.15,,,,,,,,,,,,,,,,,H,,,,,,,,EOS M 290,rectangular,,0.001,,99.92,
,,,,,,,,,,,,,,,,10.3,,0.42,0.15,,,,,,,,,,,,,,,,,V,,,,,,,,EOS M 290,rectangular,,0.001,,,
Chen 2017,,,,,,,,,,,,,,,,10,,1,,455,300,5.4,,,,,100,,350,1170,0.24,0.05,24.92877493,5.95054E-05,0.074786325,H,,,80,,,,,SLM 250 HL,rectangular,"10,2",0.0005,,,Y
"Xiong, 2019",,,,,,,,,,,,,,,,,,,,360,220,7.1,,,,,,,350,920,,,#DIV/0!,,,H,,,,,,,Zhejiang Asia General Soldering and Brazing Material Company,SLM 250 HL,circular,"25,6",0.01/min,,98.6,Y
,,,,,,,,,,,,,,,,,,,,340,186,6,,,,,,,350,920,,,#DIV/0!,,,45,,,,,,,,SLM 250 HL,circular,"25,6",0.01/min,,98.6,Y
,,,,,,,,,,,,,,,,,,,,363,190,4.3,,,,,,,350,920,,,#DIV/0!,,,V,,,,,,,,SLM 250 HL,circular,"25,6",0.01/min,,98.6,Y
"Fousova, 2018",160,5,0,0,,,342,268,0.9,,140,,335.1363764,,,10.92,,0.35,0.11,377,255,2.2,125,,,,,,350,500,0.17,0.05,82.35294118,,,V,,Checkboard/island,,,,20 to 63,LPW technology,SLM 280 HL,circular,"35,5",0.001,,,N
,300,2,0,0,,,256,158,9.9,,82,,,,,,,,,,,,,,,,,,,,,,#DIV/0!,,,,,,,,,,,,,,,,,
,510,6,170,4,,,284,210,4.9,,106,,,,,,,,,,,,,,,,,,,,,,#DIV/0!,,,,,,,,,,,,,,,,,
"Tridello, 2020",320,2,0,0,,,234,142,13.4,,76,,403.0657198,,,,,,,413,287,5.5,132,,,,150,,350,1150,0.17,0.05,35.8056266,,,H,,,80,,,45,,SLM 500 HL,,,,,,
,244,2,0,0,,,344,232,4.2,,115,,,,,,,,,,,,,,,,,,,,,,#DIV/0!,,,H,,,,,,,,,,,,,,
"Padovano, 2020",300,2,0,0,,,261,170,19.9,,,,455.8279615,,,9.7,,0.44,0.2,418,269,7.8,,,,,165,,370,1300,0.19,0.03,49.93252362,,,H,,,,,,,EOS,EOS M290,circular,"40,8",0.00025,,,Y
,300,2,0,0,,,257,159,18.1,,,,445.6517862,,,,,,,429,226,4,,,,,165,,370,1300,0.19,0.03,49.93252362,,,V,,,,,,,,,,,,,,Y
,500,2,0,0,,,138.4,83.5,29,,,,,,,,,,,,,,,,,,165,,,,,,#DIV/0!,,,H,,,,,,,,,,,,,,Y
,500,2,0,0,,,133,78,29,,,,,,,,,,,,,,,,,,165,,,,,,#DIV/0!,,,V,,,,,,,,,,,,,,Y
,550,2,180,2,,,333,275,12,,,,,,,,,,,,,,,,,,165,,,,,,#DIV/0!,,,H,,,,,,,,,,,,,,Y
,550,2,180,2,,,321,270,9,,,,,,,,,,,,,,,,,,165,,,,,,#DIV/0!,,,V,,,,,,,,,,,,,,Y
"Zhang, 2022",,,,,,,,,,,,,,,,9.8,,0.45,,402.8,276,6.37,122,,,,,,275,1600,,0.03,#DIV/0!,,,H,,67,,,,43,,Renishaw AM400,rectangular,,0.001,,99.7,
,130,4,,,,,451,309,6.46,,,,,,,,,,,,,,,,,,,,,,,,#DIV/0!,,,,,,,,,,,,,,,,98.4,
,150,4,,,,,433,296,5.3,,,,,,,,,,,,,,,,,,,,,,,,#DIV/0!,,,,,,,,,,,,,,,,,
,170,4,,,,,408,293,3.18,,,,,,,,,,,,,,,,,,,,,,,,#DIV/0!,,,,,,,,,,,,,,,,,
,190,4,,,,,380,270,3.54,,,,,,,,,,,,,,,,,,,,,,,,#DIV/0!,,,,,,,,,,,,,,,,97.9,
"Wang, 2022",,,,,,,,,,,,,,,,10.13,,0.28,0.04,478,222,7,,,,,35,,370,1300,,0.03,#DIV/0!,,,V,,,,,,,Avic matte,EOS M290,circular,"30,6",,2.1,,Y
,,,,,,,,,,,,,,,,,,,,471,228,8.6,,,,,,,,,,,#DIV/0!,,,45,,,,,,,,,,,,,,Y
,270,2,,,,,303,198,13.8,,,,,,,,,,,464,276,10.1,,,,,,,,,,,#DIV/0!,,,H,,,,,,,,,,,,,,Y
,300,2,,,,,250,162,19.2,,,,,,,,,,,,,,,,,,,,,,,,#DIV/0!,,,H,,,,,,,,,,,,,,Y
,330,2,,,,,221,142,21.7,,,,,,,,,,,,,,,,,,,,,,,,#DIV/0!,,,H,,,,,,,,,,,,,,Y
"Bosio, 2021",,,,,,,,,,,,,,,,,,,,365,245,3.2,131,,,,,,170,1000,0.14,0.03,40.47619048,,,,,,,,,,EOS,EOS M270,rectangular,,0.008,,,
"Cauwenbergh, 2021",,,,,,,,,,,,,,,,,,,,310,160,6.2,,,,,200,,,,,0.06,#DIV/0!,,,V,,,,,,,3D systems,DMP flex 350,,,,,,
,,,,,,,,,,,,,,,,,,,,440,250,9.8,,,,,25,,,,,0.06,#DIV/0!,,,H,,,,,,,,,,,,,,
,,,,,,,,,,,,,,,,,,,,410,225,5.4,,,,,25,,,,,,#DIV/0!,,,V,,,,,,,,,,,,,,
,170,6,,,,,420,265,4.8,,,,,,,,,,,,,,,,,,,,,,,,#DIV/0!,,,V,,,,,,,,,,,,,,
,270,2,,,,,335,210,10,,,,,,,,,,,,,,,,,,,,,,,,#DIV/0!,,,V,,,,,,,,,,,,,,
"Li, 2021",,,,,,,,,,,,,,,,,,,,450,318.17,8.59,141.6,,,,80,,370,,0.1,0.03,#DIV/0!,,,H,,,70,140,,,"VIC Meite Powder Technology Co.,",Renishaw AM 400,rectangular,1.5 thick,,0.5,,
,,,,,,,,,,,,,,,,,,,,463.5,283.37,9.25,150.8,,,,80,,370,,0.1,0.03,#DIV/0!,,,60,,,,,,,,,,,,,,
,,,,,,,,,,,,,,,,,,,,410.8,263.54,6.9,145.5,,,,80,,370,,0.1,0.03,#DIV/0!,,,V,,,,,,,,,,,,,,
"P.Li, 2021",177,4,,,,,342.4,206.8,7.77,,,,,,,,,,,,,,,,,,,,370,1300,,0.03,#DIV/0!,,,H,,,,,,,EOS,EOS M280,circular,,,,,
,177,4,,,,,386.2,227.2,6.34,,,,,,,,,,,,,,,,,,,,,,,,#DIV/0!,,,45,,,,,,,,,,,,,,
,177,4,,,,,416.8,236.4,5.42,,,,,,,,,,,,,,,,,,,,,,,,#DIV/0!,,,90,,,,,,,,,,,,,,
"Wu, 2021",,,,,,,,,,,,,,,,,,,,458,293,7.7,,,,,,,,,0.12,0.05,#DIV/0!,,,,,,,,,27,,"FS 271 M, Farsoon Inc",rectangular,2 thick,0.001,,,
"Patakham, 2021",,,,,,,,,,,,,,,,,,,,379,231,4.51,,,,,,,,,,,#DIV/0!,,,H,,,,,,,,EOS M290,rectangular,5 thick,,1,,
,,,,,,,,,,,,,,,,,,,,413,213,4.37,,,,,,,,,,,#DIV/0!,,,V,,,,,,,,,,,,,,
,270,1.5,,,,,343,217,5.65,,,,,,,,,,,,,,,,,,,,,,,,#DIV/0!,,,H,,,,,,,,,,,,,,
,270,1.5,,,,,378,215,4.21,,,,,,,,,,,,,,,,,,,,,,,,#DIV/0!,,,V,,,,,,,,,,,,,,
"Cerri, 2021",,,,,,,,,,,,,,,,9.6,,0.38,0.1,367,225,7.3,,,,,150,,350,1500,0.17,0.05,27.45098039,,,H,,,,,,,,SLM 500 HL,circular,"30,6",,,,
,175,6,,,,,396,232,7.6,,,,,,,,,,,,,,,,,,,,,,,,#DIV/0!,,,,,,,,,,,,,,,,,
,200,6,,,,,350,199,9.2,,,,,,,,,,,,,,,,,,,,,,,,#DIV/0!,,,,,,,,,,,,,,,,,
,225,6,,,,,331,184,15.2,,,,,,,,,,,,,,,,,,,,,,,,#DIV/0!,,,,,,,,,,,,,,,,,
"Kempf, 2021",300,0.5,,,,,301,168,6.5,,,,,,,10.57,,0.34,0.12,415,257,3,128,,,,150,,700,2260,0.17,0.05,36.4393545,,,V,,"stripes, 67",,,,38,,SLM 280 HL,circular,"40,6",,,,Y
,300,2,,,,,263,143,11.1,,77,,,,,,,,,,,,,,,,,,,,,,#DIV/0!,,,,,,,,,,,,,,,,,
,525,2,160,8,,,315,249,7.9,,,,,,,,,,,,,,,,,,,,,,,,#DIV/0!,,,,,,,,,,,,,,,,,
,,,,,,,,,,,,,,,,,,,,,,,,,,,,,,,,,#DIV/0!,,,,,,,,,,,,,,,,,
,300,2,,,,,272,162,12.4,,79,,,,,10.23,,0.32,0.12,484,292,4.8,133,,,,150,,350,1650,0.13,0.03,54.39005439,,,V,,"stripes, 67",,,,38,,SLM 500,circular,"40,6",,,,Y
,,,,,,,,,,,,,,,,,,,,,,,,,,,,,,,,,#DIV/0!,,,,,,,,,,,,,,,,,
,300,2,,,,,265,142,5.3,,79,,,,,10.34,,0.37,0.18,346,228,1.7,106,,,,200,,950,2450,0.18,0.06,35.90325019,,,V,,"stripes, 90",,,,56,,Concept laser Xline 2000 R,circular,"40,6",,,,Y
"Ou, 2021",,,,,,,,,,,,,,,,9.94,,0.29,0.088,494,309,6.5,,,,,,,100,250,0.1,0.03,133.3333333,,,H,,"stripes, 90",,,,,Shanghai Electric Group Co. Ltd,BLT S-200,circular,"22,4",,1,,Y
,,,,,,,,,,,,,,,,,,,,467,259,6,,,,,,,100,250,0.1,0.03,133.3333333,,,V,,"stripes, 90",,,,,,,circular,"22,5",,1,,Y
,,,,,,,,,,,,,,,,,,,,455,280,8.1,,,,,,,100,250,0.1,0.03,133.3333333,,,H,,"stripes, 67",,,,,,,circular,"22,6",,1,,Y
,,,,,,,,,,,,,,,,,,,,474,262,6.5,,,,,,,100,250,0.1,0.03,133.3333333,,,V,,"stripes, 67",,,,,,,circular,"22,7",,1,,Y
"Park, 2021",180,6,,,,,451,310,6.2,,,,,,,9.57,,0.31,0.17,448,263,9.8,,,,,,,250,1300,0.13,0.03,49.30966469,,,,,,0.07,,,40,SLM,SLM 125 HL,rectangular,1 mm thick,0.001,,,
,520,2,180,6,,,241.7,180.3,9.6,,,,,,,,,,,,,,,,,,,,,,,,#DIV/0!,,,,,,,,,,,,rectangular,,,,,
"Paul, 2021",,,,,,,,,,,,,,,,,,,,469.4,313.8,5.6,,,,,,,,,0.1,0.03,#DIV/0!,,,H,,"stripes, 67",,,,,,,rectangular,2 mm,,1,99.5,
,,,,,,,,,,,,,,,,,,,,437,278,3.4,,,,,,,,,0.1,0.03,#DIV/0!,,,V,,,,,,,,,rectangular,3 mm,,1,,
"Zhang, 2021",,,,,,,,,,,,,,,,10.1,,0.3,0.11,360,200,11.7,141,,,,150,,320,900,0.08,0.03,148.1481481,,,H,,"chessboard, 67",,,,,,SLM 280 HL,rectangular,5 mm,,0.5,,
"Wang, 2021",,,,,,,,,,,,,,,,9.92,,0.3,0.137,445,293,7.5,,,,Y,20,,275,2000,0.08,0.03,57.29166667,,,H,,"chessboard, 67",0.07,,,,Toyo Aluminum K.K.,Renishaw AM 400,circular,,,0.5,99.7,Y
,,,,,,,,,,,,,,,,10.2,,0.43,0.11,461,296,11.5,,,,Y,20,,300,1270,0.08,0.045,65.6167979,,,H,,"chessboard, 67",0.07,,,,,,circular,,,0.5,99.78,Y
"Egidio, 2022",160,4,0,0,,,452,256,4.3,,141,,,,,9.6,,0.28,0.12,447,250,4.1,136,,,N,150,,350,1150,0.17,0.05,35.8056266,,,V,,"bi-stripes, 67",0.08,,,,,SLM 500 HL,circular,,0.0033,,,Y
,540,1,160,4,,,308,221,11.8,,109,,,,,,,,,,,,,,,,,,,,,,#DIV/0!,,,,,,,,,,,,,,,,,
,510,10 min,160,6,,,319,251,12.6,,112,,,,,,,,,,,,,,,,,,,,,,#DIV/0!,,,,,,,,,,,,,,,,,
"Riener, 2021",,,,,,,,,,,,,,,,10.3,,0.31,0.11,,,,,,,,200,,360,1350,0.105,0.05,50.79365079,,,V,,"stripes, 67",,,,,IMR Metal Powder Technologies,Aconi-tyMIDI,circular,,0.001,,99.81,Y
,,,,,,,,,,,,,,,,,,,,,,,,,,,200,,400,1350,0.105,0.05,56.43738977,,,V,,"stripes, 67",,,,,,,circular,,0.001,,99.91,Y
,,,,,,,,,,,,,,,,,,,,,,,,,,,200,,440,1350,0.105,0.05,62.08112875,,,V,,"stripes, 67",,,,,,,circular,,0.001,,99.905,Y
,,,,,,,,,,,,,,,,,,,,,,,,,,,200,,400,1230,0.105,0.05,61.94347658,,,V,,"stripes, 67",,,,,,,circular,,0.001,,99.86,Y
,,,,,,,,,,,,,,,,,,,,,,,,,,,200,,400,1500,0.105,0.05,50.79365079,,,V,,"stripes, 67",,,,,,,circular,,0.001,,99.92,Y
"Rabori, 2021",,,,,,,,,,,,,,,,,,,,445,293,7.5,,,,Y,20,,275,2000,0.08,0.03,57.29166667,,,H,,"stripes, 67",0.07,,,31,Toyo Aluminium K.K.,Renishaw AM 400,Rectangular,,,0.5,,Y
,,,,,,,,,,,,,,,,,,,,461,296,11.5,,,,Y,20,,300,1270,0.08,0.045,65.6167979,,,H,,"stripes, 67",0.07,,,54,,,Rectangular,,,0.5,,Y
,,,,,,,,,,,,,,,,,,,,441,300,7.5,,,,Y,20,,260,933,0.08,0.045,77.40859831,72.4018119,88.4669695,H,,"stripes, 67",0.07,,,54,,,Rectangular,,,0.5,,Y
,,,,,,,,,,,,,,,,,,,,399,260,6.5,,,,Y,20,,260,933,0.04,0.045,154.8171966,,,H,,"stripes, 67",0.07,,,54,,,Rectangular,,,0.5,,Y
,,,,,,,,,,,,,,,,,,,,431,292,7.3,,,,Y,20,,260,1272,0.08,0.045,56.77847659,,,H,,"stripes, 67",0.07,,,54,,,Rectangular,,,0.5,,Y
"Luo, 2021",,,,,,,,,,,,,,,,10.13,,0.1,0.07,439,270,7.5,,,,,,,160,800,0.07,0.02,142.8571429,,,,,,0.07,,,,SLM,NCL-M2120,,,,1,,
"Kumar, 2021",,,,,,,,,,,,,,,,,,,,383,247,9.8,,,,,,,370,1300,0.19,0.03,49.93252362,,,H,,,,,,,,EOS M 280,,,,,,
,,,,,,,,,,,,,,,,,,,,421,239,5.2,,,,,,,370,1300,0.19,0.03,49.93252362,,,V,,,,,,,,,,,,,,
"Yang, 2020",,,,,,,,,,,,,,,,10.07,,0.54,0.09,460,330,7.5,,,,N,20,,240,1800,0.04,,#DIV/0!,67.89730533,,H,,"stripes, 90",0.05,,,,concept laser,concept laser M2,rectangular,2 mm,,,,
,,,,,,,,,,,,,,,,10.07,,0.54,0.09,475,320,8.4,,,,N,20,,360,1800,0.06,,#DIV/0!,101.845958,,H,,"stripes, 90",0.05,,,,concept laser,concept laser M3,rectangular,,,,,
"Matjeke, 2020",300,2,,,,,324,209,5.9,,86.7,,,,,9.8,,0.6,,,,,,,,,180,,,,,,#DIV/0!,,,V,,,,,,,,,,,,,,
,300,4,,,,,252,164,9.8,,71.8,,,,,,,,,,,,,,,,,,,,,,#DIV/0!,,,V,,,,,,,,,,,,,,
"Ghoncheh, 2020",,,,,,,,,,,,,,,,,,,,392,210,5.6,,,,,200,,370,1300,0.19,0.03,49.93252362,,,V,,"stripe, 67",0.1,,,,EOS,EOS M290,circular,"30,6",,1.3,,Y
"Mara, 2021",510,6,170,4,,,319,281,2.6,,,,,,,9.8,,0.32,0.11,375,241,10,,,,Y,,,,,,,#DIV/0!,,,V,,,,,,,,concept laser M1,circular,,,,,
,160,4,,,,,393,253,0.2,,,,,,,,,,,,,,,,,,,,,,,,#DIV/0!,,,,,,,,,,,,,,,,,
,470,1,110,5,150,14,273,211,4,,,,,,,,,,,,,,,,,,,,,,,,#DIV/0!,,,,,,,,,,,,,,,,,
"Subramaniyan, 2021",510,6,160,12,,,275,210,6.3,,,,,,,,,,,375,250,3.2,,,,,,,370,1150,0.18,0.06,29.79066023,,,V,,,0.08,,,30,,EOS M280,,,0.006,,99.9,
,160,12,,,,,300,270,3.1,,,,,,,,,,,,,,,,,,,,,,,,#DIV/0!,,,,,,,,,,,,,,,,,
"Ghio, 2021",200,4,,,,,411,237,6.9,,,,,,,10,,0.31,0.12,438,284,6.9,,,,N,150,,370,1400,0.07,0.09,41.95011338,,,H,,,,,,,,SLM 280,circular,,0.008,,,Y
,505,4,175,4,,,280,230,9.5,,,,,,,,,,,,,,,,,,,,,,,,#DIV/0!,,,,,,,,,,,,,,,,,
"Pieklo, 2021",240,6,,,,,270,160,7.15,,,,,,,10.2,,0.35,0.21,,,,,,,,,,950,2400,0.17,0.05,46.56862745,,,,,"meander, 67",0.2,,,63,AP&C-a GE Additive Company,concept laser X line 2000R,,,,,,
"Ansari, 2021",,,,,,,,,,,,,,,,10.3,,0.38,0.13,455,305,9.6,,,,,,,140,600,0.112,0.04,52.08333333,118.8202843,116.6666667,,,,0.05,,,40,concept laser,concept laser M2 cusing,circular,,,,,Y
,,,,,,,,,,,,,,,,,,,,395,240,4.8,,,,,,,400,600,0.112,0.04,148.8095238,,,,,,0.14,,,,,,circular,,,,,Y
,,,,,,,,,,,,,,,,,,,,250,215,2.3,,,,,,,140,600,0.112,0.04,52.08333333,,,,,,0.25,,,,,,circular,,,,,Y
,,,,,,,,,,,,,,,,,,,,445,300,10,,,,,,,300,600,0.112,0.04,111.6071429,32.47638966,89.28571429,,,,0.14,,,,,,circular,,,,,Y
,,,,,,,,,,,,,,,,,,,,460,300,9.8,,,,,,,225,600,0.112,0.04,83.70535714,24.35729225,66.96428571,,,,0.14,,,,,,circular,,,,,Y
,,,,,,,,,,,,,,,,,,,,475,302,9.9,,,,,,,275,1100,0.112,0.04,55.80357143,16.23819483,44.64285714,,,,0.14,,,,,,circular,,,,,Y
,,,,,,,,,,,,,,,,,,,,450,325,6.2,,,,,,,350,1400,0.112,0.04,55.80357143,16.23819483,44.64285714,,,,0.14,,,,,,circular,,,,,Y
,,,,,,,,,,,,,,,,,,,,380,295,4.7,,,,,,,140,600,0.112,0.04,52.08333333,,,,,,0.125,,,,,,circular,,,,,Y
,,,,,,,,,,,,,,,,,,,,380,320,3,,,,,,,140,800,0.112,0.04,39.0625,34.81063017,54.6875,,,,0.08,,,,,,circular,,,,,Y
,,,,,,,,,,,,,,,,,,,,395,325,2.8,,,,,,,140,1100,0.112,0.04,28.40909091,16.20276604,31.81818182,,,,0.1,,,,,,circular,,,,,Y
,,,,,,,,,,,,,,,,,,,,330,300,2.4,,,,,,,140,1400,0.112,0.04,22.32142857,35.36317986,41.66666667,,,,0.06,,,,,,circular,,,,,Y
,,,,,,,,,,,,,,,,,,,,395,280,5,,,,,,,350,800,0.112,0.04,97.65625,,,,,,0.14,,,,,,circular,,,,,Y
,,,,,,,,,,,,,,,,,,,,390,295,5,,,,,,,140,600,0.112,0.04,52.08333333,,,,,,0.075,,,,,,circular,,,,,Y
,,,,,,,,,,,,,,,,,,,,410,305,5,,,,,,,200,800,0.112,0.04,55.80357143,16.23819483,44.64285714,,,,0.14,,,,,,circular,,,,,Y
"Xiao, 2021",,,,,,,,,,,,,,,,10.15,,0.35,0.16,444,341,2.55,,,,,,,220,1100,0.08,0.03,83.33333333,,,H,,"stripes, 90",,,,,Avimetal AM Co ltd,DiMetal 100,rectangular,2 mm,,0.2,,
"Liu, 2020",,,,,,,,,,,,,,,,9.9,,0.38,0.13,388,229,6.3,137.3,,,,200,,264,2320,0.1,0.03,37.93103448,,,H,,"stripes, 90",,,,,LPW technology,SLM 125 HL,rectangular,2 mm,,1,,
,,,,,,,,,,,,,,,,,,,,359,184,10.3,124.1,,,,200,,300,1960,0.1,0.03,51.02040816,,,H,,"stripes, 90",,,,,,,rectangular,2 mm,,1,,
,,,,,,,,,,,,,,,,,,,,297,144,9.5,118.4,,,,200,,355,1690,0.1,0.03,70.01972387,,,H,,"stripes, 90",,,,,,,rectangular,2 mm,,1,,
,,,,,,,,,,,,,,,,,,,,386,208,8.6,130.6,,,,200,,200,1307,0.1,0.03,51.00739607,,,H,,"stripes, 90",,,,,,,rectangular,2 mm,,1,,
,,,,,,,,,,,,,,,,,,,,364,190,8.3,127.1,,,,200,,355,2320,0.1,0.03,51.00574713,,,H,,"stripes, 90",,,,,,,rectangular,2 mm,,1,,
"Barile, 2020",300,2,,,,,218,137,14.5,,,,,,,,,,,,,,,,,,,,,100,,0.02,#DIV/0!,,,H,,,0.2,,,,,,rectangular,,,,,
,300,2,,,,,215,128,8.7,,,,,,,,,,,,,,,,,,,,,100,,0.02,#DIV/0!,,,45,,,0.2,,,,,,rectangular,,,,,
"Wang, 2020",,,,,,,,,,,,,,,,,,,,480,280,4.2,,,,,,,250,400,0.045,0.025,555.5555556,,,V,,,,,,50,,HANS-SM160,rectangular,3 mm,,,,
"Hirata, 2020",,,,,,,,,,,,,,,,10,,0.4,,480,250,5.1,,,,N,35,,300,1200,0.15,0.03,55.55555556,,,V,,"stripes, 67",0.1,,,25,,EOS M280,circular,"18, 3.5",,1,99.96,Y
"Hadadzadeh, 2020",,,,,,,,,,,,,,,,10.8,,0.35,0.55,395,205,5.6,,,,,200,,370,1300,0.19,0.03,49.93252362,,,V,,,0.1,,,,EOS,EOS M 290,circular,"30,6",0.0009,,,Y
"Gu, 2019",,,,,,,,,,,,,,,,10.76,,0.3,,350,225,5.5,,,,,,,350,2000,0.05,0.05,70,,,,,"island, 37",0.07,,,,,NUAA,rectangular,5 mm,,0.2,,
"Hammond, 2019",,,,,,,,,,,,,,,,9.69,,0.29,0.14,448,296,5.4,,,,,200,,350,930,,0.05,#DIV/0!,,,H,,chessboard,,,,,SLM,SLM 280 HL,circular,,,,,Y
,,,,,,,,,,,,,,,,9.69,,0.29,0.14,450,276,3.3,,,,,200,,350,930,,0.05,#DIV/0!,,,V,,chessboard,,,,,SLM,SLM 280 HL,circular,,,,,Y
"Irmak, 2019",,,,,,,,,,,,,,,,,,,,330,220,2.5,,,,,200,,350,930,0.19,,#DIV/0!,,,H,,"stripes, 79",,,,,,SLM 250 HL,rectangular,3 mm,0.001,,,
,,,,,,,,,,,,,,,,,,,,280,150,4,,,,,200,,350,930,0.19,,#DIV/0!,,,V,,"stripes, 79",,,,,,SLM 250 HL,rectangular,3 mm,0.001,,,
"Zhou, 2018",,,,,,,,,,,,,,,,,,,,468,270,9.5,121,,,,,,320,1400,0.1,0.03,76.19047619,,,H,,chessboard,,,,42,AMC powders,concept laser M2,,,,1,,
"Dong, 2018",,,,,,,,,,,,,,,,10.1,,0.45,0.4,350,224,5.37,,,,,35,,370,1500,0.19,0.03,43.2748538,,,V,,67,0.1,,,35,,concept X-line 1000R,circular,5 dia,,1,99.9,N
"Del Re, 2018",300,2,,,,,305,215,18,,,,,,,,,,,,,,,,,,,,,,,,#DIV/0!,,,,,,,,,,,EOS M280,,,,,,
"Yachao Wang, 2018",,,,,,,,,,,,,,,,,,0.33,0.55,335,235,2.9,,,,,20,,370,1300,0.19,0.03,49.93252362,,,H,,,,,,,,EOS 280,rectangular,1.7 mm,,1,,
"Zhao, 2019",,,,,,,,,,,,,,,,,,,,340,220,6,120,,,,180,,300,1200,0.13,0.03,64.1025641,,,,,chessboard 67,,140,,,,Renishaw AM 400,rectangular,2 mm,0.005,,,
"Gao, 2020",,,,,,,,,,,,,,,,,,,,359,264,3.9,134.6,,,,,,200,1200,0.09,0.03,61.72839506,,,,,"stripe, 15",,,,25,MTI Co Ltd,SLM 280 HL,rectangular,2.5 mm,,1,99.1,
"Li, 2020",,,,,,,,,,,,,,,,,,,,345,140,3.3,117,,,,,,400,2000,,0.05,#DIV/0!,,,,,"island, 37",0.07,,,,,SLM-150 Nanjing university,,,,0.2,,
"Miao, 2021",,,,,,,,,,,,,,,,,,,,432,265,5.12,128,75,,,150,,200,500,0.05,0.03,266.6666667,,,,,chessboard 67,0.06,,,,Avic mite powder metallurgy,SLM-100 C Guangdong hanbang,rectangular,2 mm,,,99.9,
"Tan, 2021",,,,,,,,,,,,,,,,10,,0.35,0.11,430,240,3.7,,,,,200,,300,1650,0.13,0.03,46.62004662,,,V,,67,,,,,LPW technology,SLM 125 HL,rectangular,2 mm,,1,99,
"Cheng, 2022",,,,,,,,,,,,,,,,,,,,393,224,4.5,127.8,,,,20,,270,1600,0.11,0.03,51.13636364,,,V,,"stripes, 67",,,,33.87,,EOS M 280,rectangular,2 mm,,1,98.22,
"Santos, 2020",,,,,,,,,,,,,,,,9.7,,0.4,0.15,360,203,9.6,,,,,200,,,,,,#DIV/0!,,,H,,,,,,,,EOS M290,circular,"22,4",,,,Y
,,,,,,,,,,,,,,,,,,,,515,286,9.7,,,,,20,,,,,,#DIV/0!,,,H,,,,,,,,EOS M291,circular,"22,4",,,,
"Kempf, 2020",300,0.5,,,,,304,182,10.6,,88,,,,,10.02,,0.34,0.09,459,288,3.6,132,,,,150,,350,1650,0.13,0.03,54.39005439,,,V,,stripes 67,,,,,,SLM 280 HL,circular,"40,6",0.006,,99.2,Y
,300,0.5,,,,,295,173,5.6,,86,,,,,10.02,,0.34,0.09,394,268,3.2,128,,,,150,,700,2260,0.17,0.05,36.4393545,,,V,,stripes 67,,,,,,SLM 280 HL,circular,"40,6",0.006,,98.8,Y
,300,0.5,,,,,305,169,10.1,,85,,,,,10.06,,0.37,0.13,445,267,3.2,128,,,,150,,350,1150,0.17,0.05,35.8056266,,,V,,stripes 90,,,,,,SLM 280 HL,circular,"40,6",0.006,,99.4,Y
,300,0.5,,,,,311,187,11.7,,88,,,,,9.95,,0.36,0.09,492,292,5.6,136,,,,150,,350,1650,0.13,0.03,54.39005439,,,V,,stripes 67,,,,,,SLM 500 HL,circular,"40,6",0.006,,99.8,Y
,300,0.5,,,,,313,188,9.9,,86,,,,,9.8,,0.38,0.1,460,286,4.8,134,,,,100,,370,1300,0.19,0.03,49.93252362,,,V,,stripes 60,,,,,,EOS M290,circular,"40,6",0.006,,99.9,Y
,300,0.5,,,,,299,185,6.9,,85,,,,,9.98,,0.32,0.11,427,221,4.9,123,,,,20,,370,1400,0.112,0.05,47.19387755,,,V,,island 90,,,,,,Concept laser M2,circular,"40,6",0.006,,99.5,Y
,,,,,,,308,160,3.3,,86,,,,,9.82,,0.37,0.42,324,180,1.9,97,,,,200,,950,2450,0.18,0.06,35.90325019,,,V,,stripes 67,,,,,,Cencept laser Xline 2000R,circular,"40,6",0.006,,99.6,Y
"Chen, 2022",200,2,,,,,482,281,4.9,,,,,,,9.4,,0.27,0.3,514,300,5.1,,,,,200,,,1650,0.13,0.03,0,,,V,,zigzag 67,,,,32,SLM solutions,SLM 125 HL,rectangular,"8,1",,,99.6,
,200,2,,,,,444,301,6.7,,,,,,,9.4,,0.27,0.3,458,260,6.5,,,,,200,,,1650,0.13,0.03,0,,,H,,zigzag 67,,,,32,SLM solutions,SLM 125 HL,rectangular,"8,1",,,99.6,
,240,2,,,,,440,266,5,,,,,,,9.4,,0.27,0.3,,,,,,,,200,,,1650,0.13,0.03,0,,,V,,zigzag 67,,,,32,SLM solutions,SLM 125 HL,rectangular,"8,1",,,99.6,
,240,2,,,,,405,258,6.6,,,,,,,9.4,,0.27,0.3,,,,,,,,200,,,1650,0.13,0.03,0,,,H,,zigzag 67,,,,32,SLM solutions,SLM 125 HL,rectangular,"8,1",,,99.6,
,280,2,,,,,367,234,8.2,,,,,,,9.4,,0.27,0.3,,,,,,,,200,,,1650,0.13,0.03,0,,,V,,zigzag 67,,,,32,SLM solutions,SLM 125 HL,rectangular,"8,1",,,99.6,
,280,2,,,,,347,226,9.4,,,,,,,9.4,,0.27,0.3,,,,,,,,200,,,1650,0.13,0.03,0,,,H,,zigzag 67,,,,32,SLM solutions,SLM 125 HL,rectangular,"8,1",,,99.6,
,300,2,,,,,306,190,12.6,,,,,,,9.4,,0.27,0.3,,,,,,,,200,,,1650,0.13,0.03,0,,,V,,zigzag 67,,,,32,SLM solutions,SLM 125 HL,rectangular,"8,1",,,99.6,
,300,2,,,,,293,183,14.4,,,,,,,9.4,,0.27,0.3,,,,,,,,200,,,1650,0.13,0.03,0,,,H,,zigzag 67,,,,32,SLM solutions,SLM 125 HL,rectangular,"8,1",,,99.6,
,520,2,,,,,294,156,18.2,,,,,,,9.4,,0.27,0.3,,,,,,,,200,,,1650,0.13,0.03,0,,,V,,zigzag 67,,,,32,SLM solutions,SLM 125 HL,rectangular,"8,1",,,99.6,
,520,2,,,,,285,161,16,,,,,,,9.4,,0.27,0.3,,,,,,,,200,,,1650,0.13,0.03,0,,,H,,zigzag 67,,,,32,SLM solutions,SLM 125 HL,rectangular,"8,1",,,99.6,
"Wang, 2023",,,,,,,,,,,,,,,,10.2,,0.43,0.11,461,296,11.5,,,,Y,20,,300,1270,0.08,0.045,65.6167979,,,H,,island 67,0.07,55,,54.7,,Renishaw AM 400,rectangular,"32,6",,0.5,99.8,Y
,,,,,,,,,,,,,,,,10.2,,0.43,0.11,441,300,7.5,,,,Y,20,,260,933,0.07,0.045,88.4669695,,,H,,island 67,,75,,54.7,,Renishaw AM 400,rectangular,"32,6",,0.5,99.8,Y
"Tang, 2023",160,3,,,,,458.2,287.6,4.7,,,,,,,10.2,,0.31,0.06,455.7,277.2,6.2,,,,N,20,,370,1300,0.189,0.03,50.19671686,,,V,,,,,,,"BaohangCo.,Ltd.",JHL 500,circular,"30,5",0.01,,,
,160,3,,,,,461.2,313.3,8,,,,,,,10.2,,0.31,0.06,456.3,293.5,10.2,,,,N,20,,370,1300,0.189,0.03,50.19671686,,,H,,,,,,,"BaohangCo.,Ltd.",JHL 500,circular,"30,5",0.01,,,
,160,4,,,,,464.9,286.4,5.1,,,,,,,10.2,,0.31,0.06,,,,,,,N,20,,370,1300,0.189,0.03,50.19671686,,,V,,,,,,,"BaohangCo.,Ltd.",JHL 500,circular,"30,5",0.01,,,
,160,4,,,,,464.4,309.5,8,,,,,,,10.2,,0.31,0.06,,,,,,,N,20,,370,1300,0.189,0.03,50.19671686,,,H,,,,,,,"BaohangCo.,Ltd.",JHL 500,circular,"30,5",0.01,,,
,200,1,,,,,441.4,285.1,4.2,,,,,,,10.2,,0.31,0.06,,,,,,,N,20,,370,1300,0.189,0.03,50.19671686,,,V,,,,,,,"BaohangCo.,Ltd.",JHL 500,circular,"30,5",0.01,,,
,200,1,,,,,461.4,306.3,8.3,,,,,,,10.2,,0.31,0.06,,,,,,,N,20,,370,1300,0.189,0.03,50.19671686,,,H,,,,,,,"BaohangCo.,Ltd.",JHL 500,circular,"30,5",0.01,,,
,200,1.5,,,,,404.7,259.4,5.2,,,,,,,10.2,,0.31,0.06,,,,,,,N,20,,370,1300,0.189,0.03,50.19671686,,,V,,,,,,,"BaohangCo.,Ltd.",JHL 500,circular,"30,5",0.01,,,
,200,1.5,,,,,386.2,262.5,7.6,,,,,,,10.2,,0.31,0.06,,,,,,,N,20,,370,1300,0.189,0.03,50.19671686,,,H,,,,,,,"BaohangCo.,Ltd.",JHL 500,circular,"30,5",0.01,,,
,540,1,160,6,,,314.8,233.2,11.2,,,,,,,10.2,,0.31,0.06,,,,,,,N,20,,370,1300,0.189,0.03,50.19671686,,,V,,,,,,,"BaohangCo.,Ltd.",JHL 500,circular,"30,5",0.01,,,
,540,1,160,6,,,326.8,248.7,14.5,,,,,,,10.2,,0.31,0.06,,,,,,,N,20,,370,1300,0.189,0.03,50.19671686,,,H,,,,,,,"BaohangCo.,Ltd.",JHL 500,circular,"30,5",0.01,,,
"Yaru, 2023",175,2,,,,,450,320,3.2,,,,,,,10.2,,0.32,0.08,420,275,4.8,,,,,100,,370,1300,0.19,0.03,49.93252362,,,,,,,,,,,SLM 280 HL,rectangular,,,,,
,225,2,,,,,360,255,5,,,,,,,10.2,,0.32,0.08,,,,,,,,100,,370,1300,0.19,0.03,49.93252362,,,,,,,,,,,SLM 280 HL,rectangular,,,,,
,275,2,,,,,320,200,11.6,,,,,,,10.2,,0.32,0.08,,,,,,,,100,,370,1300,0.19,0.03,49.93252362,,,,,,,,,,,SLM 280 HL,rectangular,,,,,
,400,2,,,,,200,145,12.3,,,,,,,10.2,,0.32,0.08,,,,,,,,100,,370,1300,0.19,0.03,49.93252362,,,,,,,,,,,SLM 280 HL,rectangular,,,,,
"Nammalvar, 2022",300,2,,,,,316,200,10.6,,,,,,,9.8,,0.37,0.16,385,250,4.6,,,,,100,,400,1100,0.2,0.06,30.3030303,,,H,,90,,,,,,SLM 280 HL,rectangular,"8,1.6",,2,,N
,560,2,180,12,,,305,250,9.4,,,,,,,9.8,,0.37,0.16,385,250,4.6,,,,,100,,400,1100,0.2,0.06,30.3030303,,,H,,90,,,,,,,,,,,,
